{"cameraMode":{"drawMode":0,"name":"Shaded","section":"Shading Mode"},"sceneLighting":true,"audioPlay":false,"sceneViewState":{"showFog":true,"showMaterialUpdate":false,"showSkybox":true,"showFlares":true,"showImageEffects":true,"showParticleSystems":true},"in2DMode":false,"pivot":{"x":16.16912269592285,"y":14.364669799804688,"z":-65.77857971191406},"rotation":{"x":-0.028482353314757348,"y":0.9685332775115967,"z":-0.13183949887752534,"w":-0.20855766534805299},"size":41.36114501953125,"orthographic":false}