{"cameraMode":{"drawMode":2,"name":"Shaded Wireframe","section":"Shading Mode"},"sceneLighting":true,"audioPlay":false,"sceneViewState":{"showFog":true,"showMaterialUpdate":false,"showSkybox":true,"showFlares":true,"showImageEffects":true,"showParticleSystems":true},"in2DMode":false,"pivot":{"x":50.614158630371097,"y":22.039899826049806,"z":-23.789730072021486},"rotation":{"x":-0.12319057434797287,"y":0.6783742308616638,"z":-0.12626205384731294,"w":-0.7126030921936035},"size":23.13849639892578,"orthographic":false}