{"cameraMode":{"drawMode":0,"name":"Shaded","section":"Shading Mode"},"sceneLighting":true,"audioPlay":false,"sceneViewState":{"showFog":true,"showMaterialUpdate":false,"showSkybox":true,"showFlares":true,"showImageEffects":true,"showParticleSystems":true},"in2DMode":false,"pivot":{"x":2.508884906768799,"y":22.96712875366211,"z":-22.286802291870118},"rotation":{"x":0.009065743535757065,"y":-0.9587818384170532,"z":0.27833983302116396,"w":0.048489075154066089},"size":12.815620422363282,"orthographic":false}