{"cameraMode":{"drawMode":0,"name":"Shaded","section":"Shading Mode"},"sceneLighting":true,"audioPlay":false,"sceneViewState":{"showFog":true,"showMaterialUpdate":false,"showSkybox":true,"showFlares":true,"showImageEffects":true,"showParticleSystems":true},"in2DMode":false,"pivot":{"x":-13.944995880126954,"y":31.994487762451173,"z":-38.966888427734378},"rotation":{"x":-0.036915991455316547,"y":0.9527581334114075,"z":-0.2527064383029938,"w":-0.1618388444185257},"size":22.633689880371095,"orthographic":false}